"Position","Name","Salary","GameInfo","AvgPointsPerGame","teamAbbrev"
"WR","Julio Jones",9400,"Min@Atl 01:00PM ET",26.690,"Atl"
"WR","DeAndre Hopkins",9100,"NO@Hou 01:00PM ET",25.150,"Hou"
"WR","Antonio Brown",8700,"Pit@Sea 04:25PM ET",24.690,"Pit"
"WR","Odell Beckham Jr.",8700,"NYG@Was 01:00PM ET",21.260,"NYG"
"RB","Devonta Freeman",8300,"Min@Atl 01:00PM ET",24.440,"Atl"
"QB","Tom Brady",8000,"NE@Den 08:30PM ET",25.960,"NE"
"TE","Rob Gronkowski",7900,"NE@Den 08:30PM ET",19.830,"NE"
"WR","Julian Edelman",7800,"NE@Den 08:30PM ET",19.611,"NE"
"RB","Todd Gurley",7500,"StL@Cin 01:00PM ET",19.213,"StL"
"WR","Larry Fitzgerald",7400,"Ari@SF 04:05PM ET",21.460,"Ari"
"WR","Demaryius Thomas",7400,"NE@Den 08:30PM ET",17.850,"Den"
"WR","A.J. Green",7400,"StL@Cin 01:00PM ET",17.280,"Cin"
"WR","Mike Evans",7400,"TB@Ind 01:00PM ET",15.500,"TB"
"QB","Drew Brees",7300,"NO@Hou 01:00PM ET",23.531,"NO"
"RB","Adrian Peterson",7300,"Min@Atl 01:00PM ET",18.600,"Min"
"WR","Allen Robinson",7300,"SD@Jax 01:00PM ET",18.810,"Jax"
"QB","Carson Palmer",7100,"Ari@SF 04:05PM ET",24.214,"Ari"
"QB","Matt Ryan",6900,"Min@Atl 01:00PM ET",18.328,"Atl"
"WR","Brandon Marshall",6800,"Mia@NYJ 01:00PM ET",19.700,"NYJ"
"WR","Emmanuel Sanders",6800,"NE@Den 08:30PM ET",15.544,"Den"
"WR","Amari Cooper",6800,"Oak@Ten 01:00PM ET",15.700,"Oak"
"QB","Philip Rivers",6700,"SD@Jax 01:00PM ET",21.744,"SD"
"QB","Ben Roethlisberger",6700,"Pit@Sea 04:25PM ET",21.697,"Pit"
"QB","Andrew Luck",6700,"TB@Ind 01:00PM ET",21.406,"Ind"
"WR","Jarvis Landry",6600,"Mia@NYJ 01:00PM ET",17.376,"Mia"
"QB","Eli Manning",6500,"NYG@Was 01:00PM ET",19.870,"NYG"
"RB","Marshawn Lynch",6500,"Pit@Sea 04:25PM ET",12.243,"Sea"
"WR","Michael Crabtree",6400,"Oak@Ten 01:00PM ET",16.560,"Oak"
"RB","Mark Ingram",6400,"NO@Hou 01:00PM ET",17.180,"NO"
"WR","Brandin Cooks",6400,"NO@Hou 01:00PM ET",15.990,"NO"
"QB","Derek Carr",6300,"Oak@Ten 01:00PM ET",19.890,"Oak"
"QB","Andy Dalton",6100,"StL@Cin 01:00PM ET",21.922,"Cin"
"RB","Lamar Miller",6100,"Mia@NYJ 01:00PM ET",17.250,"Mia"
"QB","Russell Wilson",6000,"Pit@Sea 04:25PM ET",17.662,"Sea"
"QB","Peyton Manning",5900,"NE@Den 08:30PM ET",12.422,"Den"
"QB","Blake Bortles",5900,"SD@Jax 01:00PM ET",20.112,"Jax"
"WR","Eric Decker",5800,"Mia@NYJ 01:00PM ET",16.756,"NYJ"
"RB","Chris Ivory",5800,"Mia@NYJ 01:00PM ET",16.489,"NYJ"
"RB","Doug Martin",5800,"TB@Ind 01:00PM ET",16.790,"TB"
"TE","Tyler Eifert",5800,"StL@Cin 01:00PM ET",16.020,"Cin"
"WR","Allen Hurns",5800,"SD@Jax 01:00PM ET",16.560,"Jax"
"RB","DeAngelo Williams",5700,"Pit@Sea 04:25PM ET",11.810,"Pit"
"WR","T.Y. Hilton",5700,"TB@Ind 01:00PM ET",13.840,"Ind"
"WR","Martavis Bryant",5600,"Pit@Sea 04:25PM ET",20.620,"Pit"
"QB","Marcus Mariota",5500,"Oak@Ten 01:00PM ET",18.755,"Ten"
"QB","Jameis Winston",5500,"TB@Ind 01:00PM ET",18.400,"TB"
"QB","Matt Hasselbeck",5400,"TB@Ind 01:00PM ET",15.640,"Ind"
"TE","Delanie Walker",5400,"Oak@Ten 01:00PM ET",15.300,"Ten"
"QB","Kirk Cousins",5400,"NYG@Was 01:00PM ET",17.150,"Was"
"RB","Latavius Murray",5400,"Oak@Ten 01:00PM ET",13.890,"Oak"
"QB","T.J. Yates",5300,"NO@Hou 01:00PM ET",11.110,"Hou"
"RB","LeSean McCoy",5300,"Buf@KC 01:00PM ET",17.225,"Buf"
"QB","Brock Osweiler",5300,"NE@Den 08:30PM ET",9.680,"Den"
"RB","Charcandrick West",5300,"Buf@KC 01:00PM ET",9.720,"KC"
"RB","Danny Woodhead",5200,"SD@Jax 01:00PM ET",15.270,"SD"
"QB","Ryan Tannehill",5200,"Mia@NYJ 01:00PM ET",18.020,"Mia"
"WR","Sammy Watkins",5200,"Buf@KC 01:00PM ET",11.829,"Buf"
"WR","DeSean Jackson",5100,"NYG@Was 01:00PM ET",7.650,"Was"
"QB","Tyrod Taylor",5100,"Buf@KC 01:00PM ET",18.070,"Buf"
"RB","LeGarrette Blount",5100,"NE@Den 08:30PM ET",12.467,"NE"
"TE","Jordan Reed",5100,"NYG@Was 01:00PM ET",15.663,"Was"
"QB","Mike Vick",5000,"Pit@Sea 04:25PM ET",6.348,"Pit"
"QB","Charlie Whitehurst",5000,"TB@Ind 01:00PM ET",0.000,"Ind"
"QB","Tarvaris Jackson",5000,"Pit@Sea 04:25PM ET",0,"Sea"
"QB","Ryan Fitzpatrick",5000,"Mia@NYJ 01:00PM ET",16.856,"NYJ"
"QB","Kellen Clemens",5000,"SD@Jax 01:00PM ET",6.520,"SD"
"QB","Shaun Hill",5000,"Min@Atl 01:00PM ET",0.250,"Min"
"QB","Matt Moore",5000,"Mia@NYJ 01:00PM ET",0.360,"Mia"
"QB","Drew Stanton",5000,"Ari@SF 04:05PM ET",-0.100,"Ari"
"QB","Alex Smith",5000,"Buf@KC 01:00PM ET",17.184,"KC"
"QB","Matt Flynn",5000,"NO@Hou 01:00PM ET",0,"NO"
"QB","Brian Hoyer",5000,"NO@Hou 01:00PM ET",17.351,"Hou"
"QB","Chad Henne",5000,"SD@Jax 01:00PM ET",0,"Jax"
"QB","Josh Johnson",5000,"Buf@KC 01:00PM ET",0,"Buf"
"QB","Chase Daniel",5000,"Buf@KC 01:00PM ET",0.160,"KC"
"QB","Colt McCoy",5000,"NYG@Was 01:00PM ET",0.000,"Was"
"QB","Case Keenum",5000,"StL@Cin 01:00PM ET",3.720,"StL"
"QB","Brandon Weeden",5000,"NO@Hou 01:00PM ET",9.630,"Hou"
"QB","Nick Foles",5000,"StL@Cin 01:00PM ET",10.791,"StL"
"QB","Landry Jones",5000,"Pit@Sea 04:25PM ET",6.965,"Pit"
"QB","Robert Griffin III",5000,"NYG@Was 01:00PM ET",0,"Was"
"QB","EJ Manuel",5000,"Buf@KC 01:00PM ET",10.560,"Buf"
"QB","Blaine Gabbert",5000,"Ari@SF 04:05PM ET",16.680,"SF"
"QB","Sean Renfree",5000,"Min@Atl 01:00PM ET",-0.400,"Atl"
"QB","Mike Glennon",5000,"TB@Ind 01:00PM ET",0,"TB"
"QB","Ryan Nassib",5000,"NYG@Was 01:00PM ET",0,"NYG"
"QB","Ryan Griffin",5000,"TB@Ind 01:00PM ET",0,"TB"
"QB","Matt McGloin",5000,"Oak@Ten 01:00PM ET",11.680,"Oak"
"WR","John Brown",5000,"Ari@SF 04:05PM ET",14.300,"Ari"
"QB","Matt Barkley",5000,"Ari@SF 04:05PM ET",0,"Ari"
"QB","Zach Mettenberger",5000,"Oak@Ten 01:00PM ET",4.185,"Ten"
"QB","Aaron Murray",5000,"Buf@KC 01:00PM ET",0,"KC"
"QB","Bryce Petty",5000,"Mia@NYJ 01:00PM ET",0,"NYJ"
"QB","AJ McCarron",5000,"StL@Cin 01:00PM ET",-0.200,"Cin"
"QB","Geno Smith",5000,"Mia@NYJ 01:00PM ET",21.000,"NYJ"
"QB","Garrett Grayson",5000,"NO@Hou 01:00PM ET",0.000,"NO"
"QB","Trevor Siemian",5000,"NE@Den 08:30PM ET",0,"Den"
"QB","Dylan Thompson",5000,"Ari@SF 04:05PM ET",0,"SF"
"QB","Jimmy Garoppolo",5000,"NE@Den 08:30PM ET",-0.125,"NE"
"QB","Sean Mannion",5000,"StL@Cin 01:00PM ET",0,"StL"
"QB","Teddy Bridgewater",5000,"Min@Atl 01:00PM ET",14.114,"Min"
"QB","Taylor Heinicke",5000,"Min@Atl 01:00PM ET",0,"Min"
"TE","Jimmy Graham",4800,"Pit@Sea 04:25PM ET",11.200,"Sea"
"RB","T.J. Yeldon",4800,"SD@Jax 01:00PM ET",13.200,"Jax"
"WR","Stefon Diggs",4800,"Min@Atl 01:00PM ET",16.171,"Min"
"WR","Vincent Jackson",4700,"TB@Ind 01:00PM ET",12.214,"TB"
"TE","Antonio Gates",4700,"SD@Jax 01:00PM ET",14.560,"SD"
"WR","Danny Amendola",4700,"NE@Den 08:30PM ET",12.010,"NE"
"WR","Jeremy Maclin",4700,"Buf@KC 01:00PM ET",14.111,"KC"
"TE","Travis Kelce",4700,"Buf@KC 01:00PM ET",13.400,"KC"
"RB","Jeremy Hill",4700,"StL@Cin 01:00PM ET",10.040,"Cin"
"RB","Frank Gore",4600,"TB@Ind 01:00PM ET",12.740,"Ind"
"RB","Chris Johnson",4600,"Ari@SF 04:05PM ET",11.950,"Ari"
"WR","Stevie Johnson",4500,"SD@Jax 01:00PM ET",11.313,"SD"
"RB","Alfred Blue",4500,"NO@Hou 01:00PM ET",7.210,"Hou"
"RB","Giovani Bernard",4500,"StL@Cin 01:00PM ET",14.110,"Cin"
"WR","Willie Snead",4500,"NO@Hou 01:00PM ET",12.360,"NO"
"RB","Thomas Rawls",4500,"Pit@Sea 04:25PM ET",9.880,"Sea"
"WR","Kendall Wright",4400,"Oak@Ten 01:00PM ET",12.200,"Ten"
"WR","Rishard Matthews",4400,"Mia@NYJ 01:00PM ET",13.960,"Mia"
"WR","Donte Moncrief",4400,"TB@Ind 01:00PM ET",12.400,"Ind"
"WR","Brandon LaFell",4300,"NE@Den 08:30PM ET",10.120,"NE"
"WR","Tavon Austin",4300,"StL@Cin 01:00PM ET",12.610,"StL"
"RB","Tevin Coleman",4300,"Min@Atl 01:00PM ET",3.638,"Atl"
"WR","Pierre Garcon",4200,"NYG@Was 01:00PM ET",11.130,"Was"
"RB","Shane Vereen",4200,"NYG@Was 01:00PM ET",10.490,"NYG"
"WR","Marvin Jones",4200,"StL@Cin 01:00PM ET",10.880,"Cin"
"WR","Anquan Boldin",4000,"Ari@SF 04:05PM ET",12.563,"SF"
"TE","Benjamin Watson",4000,"NO@Hou 01:00PM ET",12.410,"NO"
"RB","Ronnie Hillman",4000,"NE@Den 08:30PM ET",10.410,"Den"
"DST","Cardinals ",3900,"Ari@SF 04:05PM ET",9.200,"Ari"
"WR","Malcom Floyd",3900,"SD@Jax 01:00PM ET",8.878,"SD"
"RB","Karlos Williams",3900,"Buf@KC 01:00PM ET",14.043,"Buf"
"RB","Matt Jones",3900,"NYG@Was 01:00PM ET",10.600,"Was"
"DST","Seahawks ",3800,"Pit@Sea 04:25PM ET",10.600,"Sea"
"WR","Nate Washington",3800,"NO@Hou 01:00PM ET",12.450,"Hou"
"RB","Shaun Draughn",3800,"Ari@SF 04:05PM ET",4.629,"SF"
"WR","Dwayne Harris",3800,"NYG@Was 01:00PM ET",8.650,"NYG"
"RB","Alfred Morris",3800,"NYG@Was 01:00PM ET",5.670,"Was"
"WR","Doug Baldwin",3800,"Pit@Sea 04:25PM ET",11.890,"Sea"
"WR","Michael Floyd",3800,"Ari@SF 04:05PM ET",11.800,"Ari"
"WR","Rueben Randle",3800,"NYG@Was 01:00PM ET",10.750,"NYG"
"RB","Spencer Ware",3800,"Buf@KC 01:00PM ET",6.300,"KC"
"RB","Carlos Hyde",3800,"Ari@SF 04:05PM ET",12.043,"SF"
"RB","Melvin Gordon",3800,"SD@Jax 01:00PM ET",7.700,"SD"
"RB","Rashad Jennings",3700,"NYG@Was 01:00PM ET",8.770,"NYG"
"WR","Leonard Hankerson",3700,"Min@Atl 01:00PM ET",9.963,"Atl"
"RB","Knile Davis",3700,"Buf@KC 01:00PM ET",1.938,"KC"
"RB","Antonio Andrews",3700,"Oak@Ten 01:00PM ET",9.025,"Ten"
"RB","Ahmad Bradshaw",3600,"TB@Ind 01:00PM ET",7.460,"Ind"
"WR","Cecil Shorts III",3600,"NO@Hou 01:00PM ET",11.434,"Hou"
"WR","Jamison Crowder",3600,"NYG@Was 01:00PM ET",9.190,"Was"
"DST","Patriots ",3500,"NE@Den 08:30PM ET",8.300,"NE"
"TE","Charles Clay",3500,"Buf@KC 01:00PM ET",9.820,"Buf"
"RB","Andre Ellington",3500,"Ari@SF 04:05PM ET",8.671,"Ari"
"RB","Charles Sims",3500,"TB@Ind 01:00PM ET",10.320,"TB"
"RB","Terron Ward",3500,"Min@Atl 01:00PM ET",2.790,"Atl"
"RB","C.J. Anderson",3500,"NE@Den 08:30PM ET",7.650,"Den"
"WR","Roddy White",3400,"Min@Atl 01:00PM ET",5.240,"Atl"
"WR","Andre Johnson",3400,"TB@Ind 01:00PM ET",7.310,"Ind"
"TE","Kyle Rudolph",3400,"Min@Atl 01:00PM ET",8.480,"Min"
"TE","Julius Thomas",3400,"SD@Jax 01:00PM ET",8.117,"Jax"
"RB","David Cobb",3400,"Oak@Ten 01:00PM ET",-0.300,"Ten"
"DST","Rams ",3300,"StL@Cin 01:00PM ET",9.600,"StL"
"WR","Marques Colston",3300,"NO@Hou 01:00PM ET",9.033,"NO"
"TE","Jacob Tamme",3300,"Min@Atl 01:00PM ET",10.289,"Atl"
"RB","Marcel Reece",3300,"Oak@Ten 01:00PM ET",6.230,"Oak"
"WR","Mike Wallace",3300,"Min@Atl 01:00PM ET",6.640,"Min"
"RB","Bilal Powell",3300,"Mia@NYJ 01:00PM ET",8.450,"NYJ"
"WR","Jermaine Kearse",3300,"Pit@Sea 04:25PM ET",6.920,"Sea"
"WR","Kenny Stills",3300,"Mia@NYJ 01:00PM ET",6.310,"Mia"
"RB","David Johnson",3300,"Ari@SF 04:05PM ET",9.310,"Ari"
"WR","Robert Woods",3300,"Buf@KC 01:00PM ET",7.980,"Buf"
"RB","Jay Ajayi",3300,"Mia@NYJ 01:00PM ET",4.833,"Mia"
"WR","Dorial Green-Beckham",3300,"Oak@Ten 01:00PM ET",4.910,"Ten"
"DST","Jets ",3200,"Mia@NYJ 01:00PM ET",7.100,"NYJ"
"RB","Dexter McCluster",3200,"Oak@Ten 01:00PM ET",8.270,"Ten"
"WR","Kenny Britt",3200,"StL@Cin 01:00PM ET",6.110,"StL"
"WR","Torrey Smith",3200,"Ari@SF 04:05PM ET",7.620,"SF"
"RB","Chris Polk",3200,"NO@Hou 01:00PM ET",4.756,"Hou"
"RB","Chris Thompson",3200,"NYG@Was 01:00PM ET",8.167,"Was"
"WR","Chris Hogan",3200,"Buf@KC 01:00PM ET",7.116,"Buf"
"WR","Adam Humphries",3200,"TB@Ind 01:00PM ET",4.543,"TB"
"DST","Falcons ",3100,"Min@Atl 01:00PM ET",7.000,"Atl"
"TE","Heath Miller",3100,"Pit@Sea 04:25PM ET",7.950,"Pit"
"WR","Harry Douglas",3100,"Oak@Ten 01:00PM ET",5.500,"Ten"
"WR","Albert Wilson",3100,"Buf@KC 01:00PM ET",5.838,"KC"
"WR","Seth Roberts",3100,"Oak@Ten 01:00PM ET",5.090,"Oak"
"DST","Bengals ",3000,"StL@Cin 01:00PM ET",7.600,"Cin"
"DST","Steelers ",3000,"Pit@Sea 04:25PM ET",8.500,"Pit"
"WR","Greg Jennings",3000,"Mia@NYJ 01:00PM ET",2.230,"Mia"
"WR","Jason Avant",3000,"Buf@KC 01:00PM ET",2.020,"KC"
"TE","Vernon Davis",3000,"NE@Den 08:30PM ET",6.011,"Den"
"WR","Andre Caldwell",3000,"NE@Den 08:30PM ET",2.040,"Den"
"WR","Eric Weems",3000,"Min@Atl 01:00PM ET",0.210,"Atl"
"WR","Matthew Slater",3000,"NE@Den 08:30PM ET",0.000,"NE"
"WR","Wes Welker",3000,"StL@Cin 01:00PM ET",4.750,"StL"
"RB","Jerome Felton",3000,"Buf@KC 01:00PM ET",0.020,"Buf"
"RB","Tim Hightower",3000,"NO@Hou 01:00PM ET",2.300,"NO"
"RB","Cedric Peerman",3000,"StL@Cin 01:00PM ET",0.000,"Cin"
"WR","Jerome Simpson",3000,"Ari@SF 04:05PM ET",3.200,"SF"
"WR","Darrius Heyward-Bey",3000,"Pit@Sea 04:25PM ET",4.990,"Pit"
"WR","Brandon Tate",3000,"StL@Cin 01:00PM ET",1.390,"Cin"
"RB","Darrel Young",3000,"NYG@Was 01:00PM ET",0.470,"Was"
"RB","Donald Brown",3000,"SD@Jax 01:00PM ET",0.325,"SD"
"RB","Jorvorskie Lane",3000,"TB@Ind 01:00PM ET",0.330,"TB"
"WR","Jordan Norwood",3000,"NE@Den 08:30PM ET",2.971,"Den"
"WR","Hakeem Nicks",3000,"NYG@Was 01:00PM ET",0,"NYG"
"RB","Bruce Miller",3000,"Ari@SF 04:05PM ET",1.830,"SF"
"WR","Bryan Walters",3000,"SD@Jax 01:00PM ET",7.733,"Jax"
"WR","Andre Roberts",3000,"NYG@Was 01:00PM ET",3.813,"Was"
"WR","Jacoby Jones",3000,"Pit@Sea 04:25PM ET",0.000,"Pit"
"RB","Fred Jackson",3000,"Pit@Sea 04:25PM ET",4.680,"Sea"
"RB","Boobie Dixon",3000,"Buf@KC 01:00PM ET",1.690,"Buf"
"RB","Toby Gerhart",3000,"SD@Jax 01:00PM ET",1.617,"Jax"
"RB","Chase Reynolds",3000,"StL@Cin 01:00PM ET",0.000,"StL"
"RB","C.J. Spiller",3000,"NO@Hou 01:00PM ET",7.756,"NO"
"WR","Marcus Easley",3000,"Buf@KC 01:00PM ET",1.422,"Buf"
"RB","Stevan Ridley",3000,"Mia@NYJ 01:00PM ET",0.133,"NYJ"
"RB","Matt Asiata",3000,"Min@Atl 01:00PM ET",2.770,"Min"
"RB","Taiwan Jones",3000,"Oak@Ten 01:00PM ET",3.538,"Oak"
"WR","Charles Johnson",3000,"Min@Atl 01:00PM ET",2.713,"Min"
"WR","Brian Quick",3000,"StL@Cin 01:00PM ET",1.300,"StL"
"RB","Daniel Herron",3000,"Buf@KC 01:00PM ET",2.175,"Buf"
"WR","Denarius Moore",3000,"Buf@KC 01:00PM ET",-0.167,"Buf"
"WR","Dontrelle Inman",3000,"SD@Jax 01:00PM ET",4.678,"SD"
"TE","Coby Fleener",3000,"TB@Ind 01:00PM ET",8.250,"Ind"
"RB","Joe Banyard",3000,"SD@Jax 01:00PM ET",0,"Jax"
"WR","Jeremy Kerley",3000,"Mia@NYJ 01:00PM ET",4.320,"NYJ"
"RB","Travaris Cadet",3000,"Ari@SF 04:05PM ET",0.600,"SF"
"RB","Anthony Sherman",3000,"Buf@KC 01:00PM ET",0.330,"KC"
"RB","Will Tukuafu",3000,"Pit@Sea 04:25PM ET",0.775,"Sea"
"RB","Will Johnson",3000,"Pit@Sea 04:25PM ET",0.670,"Pit"
"RB","Bobby Rainey",3000,"TB@Ind 01:00PM ET",0.640,"TB"
"RB","Roy Helu Jr.",3000,"Oak@Ten 01:00PM ET",3.133,"Oak"
"RB","Patrick DiMarco",3000,"Min@Atl 01:00PM ET",2.700,"Atl"
"RB","Isaiah Pead",3000,"Pit@Sea 04:25PM ET",-0.350,"Pit"
"RB","Zach Line",3000,"Min@Atl 01:00PM ET",2.130,"Min"
"WR","Griff Whalen",3000,"TB@Ind 01:00PM ET",3.870,"Ind"
"RB","Derrick Coleman",3000,"Pit@Sea 04:25PM ET",0.150,"Sea"
"RB","Jonathan Grimes",3000,"NO@Hou 01:00PM ET",5.088,"Hou"
"WR","Jaron Brown",3000,"Ari@SF 04:05PM ET",2.780,"Ari"
"WR","T.J. Graham",3000,"NO@Hou 01:00PM ET",2.250,"NO"
"WR","Keshawn Martin",3000,"NE@Den 08:30PM ET",7.167,"NE"
"WR","Myles White",3000,"NYG@Was 01:00PM ET",1.150,"NYG"
"RB","Jordan Todman",3000,"Pit@Sea 04:25PM ET",0.220,"Pit"
"WR","Jarius Wright",3000,"Min@Atl 01:00PM ET",4.430,"Min"
"RB","Brandon Bolden",3000,"NE@Den 08:30PM ET",1.967,"NE"
"TE","Ladarius Green",3000,"SD@Jax 01:00PM ET",11.038,"SD"
"WR","Russell Shepard",3000,"TB@Ind 01:00PM ET",1.286,"TB"
"WR","Mohamed Sanu",3000,"StL@Cin 01:00PM ET",6.600,"Cin"
"RB","Zurlon Tipton",3000,"TB@Ind 01:00PM ET",0.129,"Ind"
"RB","Tommy Bohanon",3000,"Mia@NYJ 01:00PM ET",0.860,"NYJ"
"WR","Ryan Grant",3000,"NYG@Was 01:00PM ET",4.240,"Was"
"WR","Markus Wheaton",3000,"Pit@Sea 04:25PM ET",5.130,"Pit"
"RB","Rex Burkhead",3000,"StL@Cin 01:00PM ET",1.110,"Cin"
"RB","Benny Cunningham",3000,"StL@Cin 01:00PM ET",4.370,"StL"
"RB","Kendall Gaskins",3000,"Ari@SF 04:05PM ET",2.100,"SF"
"RB","Nikita Whitlock",3000,"NYG@Was 01:00PM ET",0.000,"NYG"
"RB","Stepfan Taylor",3000,"Ari@SF 04:05PM ET",0.250,"Ari"
"WR","Rico Richardson",3000,"Oak@Ten 01:00PM ET",0.000,"Ten"
"RB","Denard Robinson",3000,"SD@Jax 01:00PM ET",2.457,"Jax"
"WR","Bennie Fowler",3000,"NE@Den 08:30PM ET",2.870,"Den"
"WR","Nick Williams",3000,"Min@Atl 01:00PM ET",2.350,"Atl"
"WR","Aaron Dobson",3000,"NE@Den 08:30PM ET",3.388,"NE"
"RB","Bernard Pierce",3000,"SD@Jax 01:00PM ET",0.686,"Jax"
"WR","Quincy Enunwa",3000,"Mia@NYJ 01:00PM ET",3.600,"NYJ"
"RB","Jay Prosch",3000,"NO@Hou 01:00PM ET",0.310,"Hou"
"RB","Jalston Fowler",3000,"Oak@Ten 01:00PM ET",1.370,"Ten"
"WR","Kenbrell Thompkins",3000,"Mia@NYJ 01:00PM ET",6.600,"NYJ"
"RB","Orleans Darkwa",3000,"NYG@Was 01:00PM ET",1.690,"NYG"
"RB","Roosevelt Nix",3000,"Pit@Sea 04:25PM ET",0.200,"Pit"
"WR","Rod Streater",3000,"Oak@Ten 01:00PM ET",1.800,"Oak"
"RB","Marcus Murphy",3000,"NO@Hou 01:00PM ET",0.500,"NO"
"RB","Andre Williams",3000,"NYG@Was 01:00PM ET",2.760,"NYG"
"WR","Neal Sterling",3000,"SD@Jax 01:00PM ET",0.000,"Jax"
"WR","Javontee Herndon",3000,"SD@Jax 01:00PM ET",4.950,"SD"
"WR","Andrew Turzilli",3000,"Oak@Ten 01:00PM ET",0,"Ten"
"RB","Juwan Thompson",3000,"NE@Den 08:30PM ET",0.400,"Den"
"RB","James White",3000,"NE@Den 08:30PM ET",4.300,"NE"
"WR","Brandon Coleman",3000,"NO@Hou 01:00PM ET",4.230,"NO"
"WR","DeAndrew White",3000,"Ari@SF 04:05PM ET",0.950,"SF"
"WR","Matt Hazel",3000,"Mia@NYJ 01:00PM ET",0,"Mia"
"WR","Keith Mumphery",3000,"NO@Hou 01:00PM ET",2.690,"Hou"
"WR","Justin Hardy",3000,"Min@Atl 01:00PM ET",3.833,"Atl"
"WR","J.J. Nelson",3000,"Ari@SF 04:05PM ET",7.240,"Ari"
"WR","Kevin Smith",3000,"Pit@Sea 04:25PM ET",0.000,"Sea"
"WR","Andre Holmes",3000,"Oak@Ten 01:00PM ET",4.510,"Oak"
"WR","Geremy Davis",3000,"NYG@Was 01:00PM ET",0.410,"NYG"
"RB","Jamize Olawale",3000,"Oak@Ten 01:00PM ET",3.450,"Oak"
"WR","Paul Richardson",3000,"Pit@Sea 04:25PM ET",5.000,"Sea"
"RB","Jerick McKinnon",3000,"Min@Atl 01:00PM ET",2.280,"Min"
"WR","Chris Conley",3000,"Buf@KC 01:00PM ET",3.870,"KC"
"WR","Quinton Patton",3000,"Ari@SF 04:05PM ET",4.990,"SF"
"WR","Quan Bray",3000,"TB@Ind 01:00PM ET",0.000,"Ind"
"RB","Tre Mason",3000,"StL@Cin 01:00PM ET",3.086,"StL"
"WR","Sammie Coates",3000,"Pit@Sea 04:25PM ET",0.300,"Pit"
"WR","Tre McBride",3000,"Oak@Ten 01:00PM ET",0.000,"Ten"
"WR","Phillip Dorsett",3000,"TB@Ind 01:00PM ET",4.729,"Ind"
"WR","Rashad Ross",3000,"NYG@Was 01:00PM ET",2.657,"Was"
"WR","Marqise Lee",3000,"SD@Jax 01:00PM ET",2.575,"Jax"
"WR","DeVante Parker",3000,"Mia@NYJ 01:00PM ET",0.989,"Mia"
"WR","Bruce Ellington",3000,"Ari@SF 04:05PM ET",2.014,"SF"
"WR","Tyler Lockett",3000,"Pit@Sea 04:25PM ET",8.540,"Sea"
"WR","Bradley Marquez",3000,"StL@Cin 01:00PM ET",0.670,"StL"
"WR","Rashad Greene",3000,"SD@Jax 01:00PM ET",6.567,"Jax"
"WR","Devin Smith",3000,"Mia@NYJ 01:00PM ET",2.029,"NYJ"
"RB","Akeem Hunt",3000,"NO@Hou 01:00PM ET",0.400,"Hou"
"WR","De'Anthony Thomas",3000,"Buf@KC 01:00PM ET",4.540,"KC"
"RB","Bishop Sankey",3000,"Oak@Ten 01:00PM ET",5.363,"Ten"
"WR","Cody Latimer",3000,"NE@Den 08:30PM ET",1.856,"Den"
"WR","Brittan Golden",3000,"Ari@SF 04:05PM ET",0.000,"Ari"
"WR","Tyrell Williams",3000,"SD@Jax 01:00PM ET",0.000,"SD"
"WR","Cordarrelle Patterson",3000,"Min@Atl 01:00PM ET",1.050,"Min"
"WR","Chris Harper",3000,"NE@Den 08:30PM ET",0.000,"NE"
"RB","Damien Williams",3000,"Mia@NYJ 01:00PM ET",2.100,"Mia"
"WR","Jaelen Strong",3000,"NO@Hou 01:00PM ET",4.160,"Hou"
"WR","Adam Thielen",3000,"Min@Atl 01:00PM ET",2.200,"Min"
"WR","Mario Alford",3000,"StL@Cin 01:00PM ET",0,"Cin"
"WR","Donteea Dye",3000,"TB@Ind 01:00PM ET",2.520,"TB"
"DST","Broncos ",2900,"NE@Den 08:30PM ET",12.700,"Den"
"TE","Owen Daniels",2900,"NE@Den 08:30PM ET",8.040,"Den"
"DST","Chiefs ",2800,"Buf@KC 01:00PM ET",9.700,"KC"
"TE","Jared Cook",2700,"StL@Cin 01:00PM ET",5.910,"StL"
"TE","Lance Kendricks",2700,"StL@Cin 01:00PM ET",4.711,"StL"
"TE","Vance McDonald",2700,"Ari@SF 04:05PM ET",3.544,"SF"
"DST","Bills ",2600,"Buf@KC 01:00PM ET",7.300,"Buf"
"DST","Jaguars ",2600,"SD@Jax 01:00PM ET",6.300,"Jax"
"DST","Texans ",2500,"NO@Hou 01:00PM ET",7.300,"Hou"
"DST","Dolphins ",2500,"Mia@NYJ 01:00PM ET",6.800,"Mia"
"DST","Buccaneers ",2500,"TB@Ind 01:00PM ET",8.700,"TB"
"TE","Mike Leach",2500,"Ari@SF 04:05PM ET",0.000,"Ari"
"TE","Craig Stevens",2500,"Oak@Ten 01:00PM ET",1.470,"Ten"
"TE","Marcedes Lewis",2500,"SD@Jax 01:00PM ET",1.970,"Jax"
"TE","Scott Chandler",2500,"NE@Den 08:30PM ET",4.000,"NE"
"TE","Matt Spaeth",2500,"Pit@Sea 04:25PM ET",0.200,"Pit"
"TE","Clark Harris",2500,"StL@Cin 01:00PM ET",0.000,"Cin"
"TE","Anthony Fasano",2500,"Oak@Ten 01:00PM ET",5.350,"Ten"
"TE","Kellen Davis",2500,"Mia@NYJ 01:00PM ET",0.710,"NYJ"
"TE","Brandon Myers",2500,"TB@Ind 01:00PM ET",2.470,"TB"
"TE","Darren Fells",2500,"Ari@SF 04:05PM ET",6.188,"Ari"
"TE","Tony Moeaki",2500,"Min@Atl 01:00PM ET",0.350,"Atl"
"TE","David Johnson",2500,"SD@Jax 01:00PM ET",0.020,"SD"
"TE","Clay Harbor",2500,"SD@Jax 01:00PM ET",2.678,"Jax"
"TE","Garrett Graham",2500,"NO@Hou 01:00PM ET",1.625,"Hou"
"TE","Andrew DePaola",2500,"TB@Ind 01:00PM ET",0.000,"TB"
"TE","Anthony McCoy",2500,"NYG@Was 01:00PM ET",0.000,"Was"
"TE","Virgil Green",2500,"NE@Den 08:30PM ET",2.790,"Den"
"TE","John Phillips",2500,"SD@Jax 01:00PM ET",1.920,"SD"
"TE","Richard Gordon",2500,"NE@Den 08:30PM ET",0.000,"Den"
"TE","Kyle Nelson",2500,"Ari@SF 04:05PM ET",0.000,"SF"
"TE","Matthew Mulligan",2500,"Buf@KC 01:00PM ET",0.120,"Buf"
"TE","Jermaine Gresham",2500,"Ari@SF 04:05PM ET",3.480,"Ari"
"TE","Jeff Cumberland",2500,"Mia@NYJ 01:00PM ET",1.411,"NYJ"
"TE","Michael Hoomanawanui",2500,"NO@Hou 01:00PM ET",2.825,"NO"
"TE","Lee Smith",2500,"Oak@Ten 01:00PM ET",1.511,"Oak"
"TE","Luke Stocker",2500,"TB@Ind 01:00PM ET",0.650,"TB"
"TE","Jordan Cameron",2500,"Mia@NYJ 01:00PM ET",6.390,"Mia"
"TE","Rhett Ellison",2500,"Min@Atl 01:00PM ET",2.244,"Min"
"TE","Larry Donnell",2500,"NYG@Was 01:00PM ET",7.913,"NYG"
"TE","Garrett Celek",2500,"Ari@SF 04:05PM ET",5.560,"SF"
"TE","Jake Stoneburner",2500,"Mia@NYJ 01:00PM ET",3.617,"Mia"
"TE","Mychal Rivera",2500,"Oak@Ten 01:00PM ET",3.580,"Oak"
"TE","Cory Harkey",2500,"StL@Cin 01:00PM ET",0.280,"StL"
"TE","Beau Brinkley",2500,"Oak@Ten 01:00PM ET",0.000,"Ten"
"TE","Dwayne Allen",2500,"TB@Ind 01:00PM ET",3.025,"Ind"
"TE","Kevin McDermott",2500,"Min@Atl 01:00PM ET",0.000,"Min"
"TE","Ryan Griffin",2500,"NO@Hou 01:00PM ET",4.000,"Hou"
"TE","Michael Williams",2500,"NE@Den 08:30PM ET",0.390,"NE"
"TE","Chris Gragg",2500,"Buf@KC 01:00PM ET",2.629,"Buf"
"TE","Luke Willson",2500,"Pit@Sea 04:25PM ET",3.444,"Sea"
"TE","Josh Hill",2500,"NO@Hou 01:00PM ET",3.070,"NO"
"TE","James Winchester",2500,"Buf@KC 01:00PM ET",0.000,"KC"
"TE","Jack Doyle",2500,"TB@Ind 01:00PM ET",1.970,"Ind"
"TE","Ryan Hewitt",2500,"StL@Cin 01:00PM ET",0.750,"Cin"
"TE","Levine Toilolo",2500,"Min@Atl 01:00PM ET",1.160,"Atl"
"TE","Justice Cunningham",2500,"StL@Cin 01:00PM ET",0.000,"StL"
"TE","Gabe Holmes",2500,"Oak@Ten 01:00PM ET",0,"Oak"
"TE","Dion Sims",2500,"Mia@NYJ 01:00PM ET",2.757,"Mia"
"TE","Jerome Cunningham",2500,"NYG@Was 01:00PM ET",2.300,"NYG"
"TE","Nic Jacobs",2500,"SD@Jax 01:00PM ET",0.178,"Jax"
"TE","Brandon Williams",2500,"Mia@NYJ 01:00PM ET",0.000,"Mia"
"TE","Cooper Helfet",2500,"Pit@Sea 04:25PM ET",0.213,"Sea"
"TE","Blake Bell",2500,"Ari@SF 04:05PM ET",0.588,"SF"
"TE","MyCole Pruitt",2500,"Min@Atl 01:00PM ET",1.190,"Min"
"TE","Cameron Brate",2500,"TB@Ind 01:00PM ET",4.263,"TB"
"TE","Will Tye",2500,"NYG@Was 01:00PM ET",4.171,"NYG"
"TE","Clive Walford",2500,"Oak@Ten 01:00PM ET",4.370,"Oak"
"TE","C.J. Fiedorowicz",2500,"NO@Hou 01:00PM ET",2.790,"Hou"
"TE","Brian Parker",2500,"Buf@KC 01:00PM ET",0.533,"KC"
"TE","Tyler Kroft",2500,"StL@Cin 01:00PM ET",0.000,"Cin"
"TE","C.J. Uzomah",2500,"StL@Cin 01:00PM ET",0,"Cin"
"TE","Austin Seferian-Jenkins",2500,"TB@Ind 01:00PM ET",17.950,"TB"
"TE","Demetrius Harris",2500,"Buf@KC 01:00PM ET",0.810,"KC"
"TE","Troy Niklas",2500,"Ari@SF 04:05PM ET",1.750,"Ari"
"TE","Phillip Supernaw",2500,"Oak@Ten 01:00PM ET",0.260,"Ten"
"TE","Jesse James",2500,"Pit@Sea 04:25PM ET",5.250,"Pit"
"TE","Derek Carrier",2500,"NYG@Was 01:00PM ET",3.380,"Was"
"DST","Raiders ",2400,"Oak@Ten 01:00PM ET",5.600,"Oak"
"DST","Giants ",2400,"NYG@Was 01:00PM ET",9.400,"NYG"
"DST","Vikings ",2300,"Min@Atl 01:00PM ET",7.500,"Min"
"DST","Saints ",2300,"NO@Hou 01:00PM ET",4.900,"NO"
"DST","Chargers ",2300,"SD@Jax 01:00PM ET",3.900,"SD"
"DST","Titans ",2200,"Oak@Ten 01:00PM ET",6.900,"Ten"
"DST","Colts ",2000,"TB@Ind 01:00PM ET",6.700,"Ind"
"DST","49ers ",2000,"Ari@SF 04:05PM ET",4.200,"SF"
"DST","Redskins ",2000,"NYG@Was 01:00PM ET",7.500,"Was"
